Date,Close_btc,Close_eth,Close_lite,Close_monero,Close_neo,Close_qtm
07-Nov-17,7144.38,294.66,61.3,99.76,26.23,11.21
06-Nov-17,7022.76,298.89,55.17,102.92,26.32,10.44
05-Nov-17,7407.41,296.26,54.75,86.35,26.38,10.13
04-Nov-17,7379.95,300.47,55.04,87.3,26.49,10.05
03-Nov-17,7207.76,305.71,56.18,87.99,26.82,10.38
02-Nov-17,7078.5,287.43,54.74,83.76,24.5,9.8
01-Nov-17,6767.31,291.69,53.18,85.72,26.86,9.93
31-Oct-17,6468.4,305.88,55.75,87.64,28.47,10.45
30-Oct-17,6130.53,307.75,56.39,88.84,28.79,10.39
29-Oct-17,6153.85,305.09,57.11,88.65,27.76,10.42
28-Oct-17,5753.09,296.3,54.69,86.31,27.35,10.21
27-Oct-17,5780.9,297.42,55.33,86.75,28.76,10.3
26-Oct-17,5904.83,296.53,55.74,88.58,28.33,10.57
25-Oct-17,5750.8,297.93,56.49,88.13,28.54,10.65
24-Oct-17,5526.64,298.33,55.96,88.4,30.15,10.76
23-Oct-17,5930.32,286.95,54.92,85.21,27.51,9.96
22-Oct-17,6008.42,295.45,56.81,86.58,28.79,10.63
21-Oct-17,6031.6,300.19,58.2,88.12,27.13,10.91
20-Oct-17,6011.45,304.01,60.33,90.54,27.75,11.3
19-Oct-17,5708.52,308.09,59.74,88.62,28.66,12.07
18-Oct-17,5590.69,314.32,60.73,89.54,29.67,11.49
17-Oct-17,5605.51,317.08,59.48,91.28,31.4,12.05
16-Oct-17,5725.59,333.38,64.62,95.9,28.53,11.49
15-Oct-17,5678.19,336.6,65.47,94.87,27.73,10.44
14-Oct-17,5831.79,339.63,63.95,100.23,27.8,10.63
13-Oct-17,5647.21,338.76,59.43,95.13,29.35,11.25
12-Oct-17,5446.91,304.14,60.11,87.09,28.18,11.29
11-Oct-17,4826.48,303.46,50.89,87.42,29.96,12.13
10-Oct-17,4781.99,299.87,50.72,86.82,29.31,12.08
09-Oct-17,4772.02,297.39,50.16,85.49,29.1,12.07
08-Oct-17,4610.48,308.61,53.14,89.77,32.07,11.14
07-Oct-17,4426.89,311.12,52.58,91.7,36.14,11.94
06-Oct-17,4370.81,308.59,52.12,91.19,33.52,11.69
05-Oct-17,4328.41,295.86,51.67,91.86,32.28,11.86
04-Oct-17,4229.36,292.66,51.4,90.41,31.16,11.63
03-Oct-17,4317.48,292.46,52.35,92.96,33.61,12.12
02-Oct-17,4409.32,297.48,53.38,91.54,36.74,11.88
01-Oct-17,4403.74,302.34,54.54,93.22,35.72,12.34
30-Sep-17,4338.71,301.46,55.14,95.76,34.21,11.59
29-Sep-17,4163.07,291.47,52.62,94.5,28.64,9.77
28-Sep-17,4174.73,299.15,54.09,97.23,29.76,9.93
27-Sep-17,4200.67,306.47,56.28,101.04,31.79,9.9
26-Sep-17,3892.35,287.44,51.55,93.13,26.38,9.34
25-Sep-17,3926.07,292.33,51.58,93.64,26.02,9.36
24-Sep-17,3682.84,282.48,47.62,89.5,19.79,8.04
23-Sep-17,3792.4,286.17,49.27,91.85,20.18,8.11
22-Sep-17,3630.7,264.31,48.09,88.17,18.69,7.68
21-Sep-17,3631.04,258.58,46.61,86.24,17.45,7.38
20-Sep-17,3905.95,283.74,51.73,95.57,19.75,8.79
19-Sep-17,3924.97,282.8,52.84,97.72,19.94,8.91
18-Sep-17,4065.2,293.5,55.53,100.57,21.22,9.62
17-Sep-17,3582.88,251.75,48.49,93.74,19.86,8.27
16-Sep-17,3625.04,246.52,48.26,95.29,20.76,8.25
15-Sep-17,3637.52,250.46,48.21,99.85,18.74,8.47
14-Sep-17,3154.95,213.91,41.58,83.04,15.69,7.6
13-Sep-17,3882.59,277.11,61.73,111.33,20.06,11.94
12-Sep-17,4130.81,291.46,64.23,111.89,20.97,13.51
11-Sep-17,4161.27,294.53,66.04,112.75,21.88,14.28
10-Sep-17,4122.94,288.75,61.61,112.33,22.75,12.78
09-Sep-17,4226.06,294.4,66.01,116.27,21.96,13.32
08-Sep-17,4228.75,296.5,67.79,118.04,24.86,13.5
07-Sep-17,4599.88,329.43,78.48,120.84,30.78,14.74
06-Sep-17,4597.12,334.34,80.11,121.63,21.36,11.4
05-Sep-17,4376.53,312.99,71.29,118.82,22.8,11.71
04-Sep-17,4236.31,295.17,65.21,106.17,21.83,10.98
03-Sep-17,4582.96,347.48,76.84,126.01,30.32,15.29
02-Sep-17,4578.77,348.98,79.02,124.8,31.72,16.39
01-Sep-17,4892.01,387.74,86.04,141.2,32.01,18.26
31-Aug-17,4703.39,383.04,71.06,140.41,33.16,17.3
30-Aug-17,4565.3,378.49,64.17,132.38,33.1,16.84
29-Aug-17,4579.02,370.67,63.17,133.03,33.66,19.15
28-Aug-17,4382.66,347.75,62.36,145.4,38.45,16.24
27-Aug-17,4382.88,347.89,61.16,130.68,40.09,15.7
26-Aug-17,4352.4,333.88,51.75,138.05,38.59,15.41
25-Aug-17,4371.6,331.92,51.18,108.26,40.3,13.32
24-Aug-17,4334.68,325.61,50.19,86.29,42.05,13.78
23-Aug-17,4151.52,317.52,53.25,90.33,40,11.9
22-Aug-17,4100.52,314.79,46.73,91.16,35.85,11.06
21-Aug-17,4001.74,321.59,47.94,77.82,35.3,11.23
20-Aug-17,4087.66,301.43,46.23,54.71,38.19,11.79
19-Aug-17,4193.7,297.47,45.48,55.96,39.97,11.64
18-Aug-17,4160.62,295.59,47.28,46.69,38.85,11.63
17-Aug-17,4331.69,301.46,43.91,47.45,40.69,13.06
16-Aug-17,4376.63,302.27,44.15,48.78,45.54,14.35
15-Aug-17,4181.93,289.82,43.31,48.74,47.49,14.68
14-Aug-17,4325.13,300.1,45.8,49.75,47.43,15.06
13-Aug-17,4073.26,298.06,45.81,47.76,46.65,15.17
12-Aug-17,3884.71,310.6,46.43,49.37,36.61,13.9
11-Aug-17,3650.62,308.86,47.1,50.65,33.5,14.73
10-Aug-17,3381.28,295.89,46.5,49.47,36.18,15.77
09-Aug-17,3342.47,296.03,48.01,50.96,21.75,12.55
08-Aug-17,3419.94,296.77,48.63,51.94,18.27,11.5
07-Aug-17,3378.94,269.18,45.8,50.21,18.68,12.65
06-Aug-17,3213.94,261.57,45.1,47.83,15.21,10.07
05-Aug-17,3252.91,256.51,46.86,48.58,14.02,9.38
04-Aug-17,2895.89,223.07,43.45,45.12,10.43,8.22
03-Aug-17,2804.73,225.34,42.86,43.36,10.67,7.65
02-Aug-17,2710.67,219.95,42.13,43.63,8.11,6.43
01-Aug-17,2718.26,226.77,43.04,44.15,7.86,6.49
31-Jul-17,2875.34,203.87,43.02,39.84,7.33,6.12
30-Jul-17,2757.18,197.98,40.42,39.62,7.15,5.53
29-Jul-17,2726.45,205.79,41.12,43.89,7.26,5.78
28-Jul-17,2809.01,193.12,40.61,43.96,7.09,5.75
27-Jul-17,2671.78,204.32,42.14,45.24,7.72,6.21
26-Jul-17,2529.45,203.95,42.23,45.8,7.17,6.26
25-Jul-17,2576.48,206.71,42.24,40.68,7.35,6.13
24-Jul-17,2754.86,224.71,44.41,45.58,8.46,7.26
23-Jul-17,2730.4,225.95,44.06,42.67,8.57,6.64
22-Jul-17,2810.12,229.48,46.56,44.71,8.62,7.52
21-Jul-17,2667.76,218.31,45.76,40.34,7.42,7.84
20-Jul-17,2817.6,227.26,45.02,40.3,7.21,7.59
19-Jul-17,2273.43,199.7,40.86,35.06,5.88,5.62
18-Jul-17,2318.88,234.39,44.3,36.38,6.02,5.18
17-Jul-17,2228.41,193.42,42.67,34.83,5.77,4.38
16-Jul-17,1929.82,157.36,40.91,29.43,5.04,3.93
15-Jul-17,1998.86,170.66,38.92,32.09,5.03,3.88
14-Jul-17,2233.34,199.66,42.8,35.48,5.54,4.53
13-Jul-17,2357.9,209.73,46.33,38.23,6.29,5.11
12-Jul-17,2398.84,230.77,48.75,40.39,6.63,5.59
11-Jul-17,2337.79,197.4,45.33,37.14,5.4,4.82
10-Jul-17,2372.56,215.36,46.58,40.01,6.03,5.38
09-Jul-17,2518.44,242.14,49.58,44.85,6.9,6.36
08-Jul-17,2571.34,251.7,52.14,46.1,7.45,6.86
07-Jul-17,2518.66,245.99,46.58,44.25,6.77,6.87
06-Jul-17,2608.56,270.55,51.13,50.12,7.84,8.75
05-Jul-17,2601.99,268.77,53.19,45.72,8.03,8.3
04-Jul-17,2601.64,273.3,55.33,45.47,7.78,9.27
03-Jul-17,2564.06,282.9,46.43,43.63,8.22,9.19
02-Jul-17,2506.47,287.99,41.57,42.79,8.1,9.45
01-Jul-17,2434.55,274.6,38.99,40.96,7.95,10.39
30-Jun-17,2480.84,294.92,40.35,43.73,8.73,12.03
29-Jun-17,2539.32,302.88,41.07,45.02,9.77,12.48
28-Jun-17,2574.79,327.93,42.85,47.32,8.38,13.83
27-Jun-17,2552.45,293.09,40.54,43.57,6.83,14.47
26-Jun-17,2478.45,272.69,41.13,43.49,5.53,12.61
25-Jun-17,2589.41,303.25,43.92,45.89,5.95,14.92
24-Jun-17,2608.72,323.7,44.49,48.03,6.3,16.35
23-Jun-17,2744.91,341.74,47.34,51.41,6.84,16.99
22-Jun-17,2705.41,336.37,47.71,47.28,6.94,12.1
21-Jun-17,2689.1,336.87,47.79,46.59,10.15,11.83
20-Jun-17,2721.79,359,47.22,48.08,8,11.49
19-Jun-17,2589.6,370.06,50.32,49.09,11.72,10.59
18-Jun-17,2548.29,371.46,46.04,49.6,5.26,10.58
17-Jun-17,2655.88,379.41,47.65,50.46,3.76,11.25
16-Jun-17,2518.56,370.23,35.7,48.11,2.77,11.29
15-Jun-17,2464.58,361.93,30.22,46.02,1.78,11.11
14-Jun-17,2506.37,359.05,30.22,46.3,1.74,11.77
13-Jun-17,2717.02,397.54,30.64,51.8,1.81,12.42
12-Jun-17,2659.63,401.49,29.5,50.04,1.51,10.96
11-Jun-17,2958.11,340.61,33.22,58.7,1.67,11.76
10-Jun-17,2947.71,337.67,30.44,52.28,1.68,11.33
09-Jun-17,2823.81,281.74,29.68,55.62,1.55,11.74
08-Jun-17,2805.62,261.67,30.21,56.19,1.36,12.35
07-Jun-17,2732.16,258.07,28.39,52.54,1.28,10.97
06-Jun-17,2863.2,264.47,30.55,55.57,1.34,11.5
05-Jun-17,2686.81,248.46,30.84,48.26,1.28,11.17
04-Jun-17,2511.81,245.33,27.94,42.9,1.26,12.15
03-Jun-17,2515.35,224.38,27.66,42.37,1.26,12.54
02-Jun-17,2488.55,223.78,28.94,44,1.35,13.46
01-Jun-17,2407.88,222.24,28.8,43.7,1.24,7.79
31-May-17,2286.41,230.67,25.3,41.83,1.03,4.86
30-May-17,2175.47,231.91,24.14,39.79,1.02,4.65
29-May-17,2255.61,194.91,25.21,41.21,0.966765,4.6
28-May-17,2155.8,170.51,24.22,36.84,0.930106,4.62
27-May-17,2038.87,157.76,23.74,33.41,0.982348,4.53
26-May-17,2202.42,160.4,23.75,38.71,0.826549,4.1
25-May-17,2304.98,174.45,29.9,40.12,1.11,4.66
24-May-17,2443.64,190.05,34.45,45.38,1.76,6.19
23-May-17,2320.42,181.95,32.11,55.62,0.877157,
22-May-17,2173.4,174.26,25.38,36.17,0.720486,
21-May-17,2041.2,157.94,26.3,34.64,0.664141,
20-May-17,2084.73,126.52,27.51,35.1,0.665485,
19-May-17,1987.71,129.53,27.7,31.87,0.63186,
18-May-17,1888.65,96.91,28.36,30.33,0.539481,
17-May-17,1839.09,89.86,25.4,26.93,0.531643,
16-May-17,1734.45,89.44,23.33,26.26,0.463667,
15-May-17,1738.43,92.41,25.37,27.79,0.470057,
14-May-17,1808.91,90.79,28.89,28.53,0.477543,
13-May-17,1804.91,90.84,28.91,28.47,0.484544,
12-May-17,1724.24,88.66,27.45,28.68,0.487684,
11-May-17,1848.57,89.88,30.72,29.51,0.481077,
10-May-17,1787.13,89.52,31.96,29.84,0.503894,
09-May-17,1755.36,91.16,33.58,28.66,0.44937,
08-May-17,1723.35,91.42,28.96,30.47,0.496572,
07-May-17,1596.71,94.01,30.29,32.78,0.535792,
06-May-17,1578.8,97.81,28.16,28.98,0.58767,
05-May-17,1555.45,94.4,26.27,28.45,0.576426,
04-May-17,1537.67,96.98,23.39,25.99,0.500309,
03-May-17,1490.09,79.72,21.04,25.2,0.343782,
02-May-17,1452.82,77.26,15.89,23.04,0.314833,
01-May-17,1421.6,76.3,15.92,22.77,0.318838,
30-Apr-17,1347.89,79.02,15.71,23.72,0.360099,
29-Apr-17,1321.79,68.38,15.74,22.76,0.271729,
28-Apr-17,1316.48,70.16,14.34,22.35,0.229255,
27-Apr-17,1317.73,62.17,14.62,21.21,0.202092,
26-Apr-17,1281.08,52.72,14.85,19.37,0.184577,
25-Apr-17,1265.49,49.89,15.21,19.65,0.183504,
24-Apr-17,1250.15,50.03,14.97,19.56,0.173758,
23-Apr-17,1207.21,48.49,13.94,19.72,0.17496,
22-Apr-17,1231.71,48.55,13.06,20.12,0.183058,
21-Apr-17,1222.05,48.22,11.23,20.29,0.178122,
20-Apr-17,1229.08,49.67,10.33,20.24,0.184725,
19-Apr-17,1210.29,48.31,9.66,20.39,0.189408,
18-Apr-17,1211.67,50.71,10.32,21.06,0.180479,
17-Apr-17,1193.91,48.3,10.42,20.56,0.191489,
16-Apr-17,1182.94,48.72,10.71,20.46,0.192076,
15-Apr-17,1172.52,49.1,10.79,20.71,0.192164,
14-Apr-17,1167.54,47.57,10.39,20.59,0.192958,
13-Apr-17,1169.28,50.22,10.15,21.48,0.191686,
12-Apr-17,1200.37,46.29,10.79,21.76,0.195553,
11-Apr-17,1205.01,43.41,8.85,21.36,0.197826,
10-Apr-17,1187.13,43.44,8.92,21.83,0.207874,
09-Apr-17,1187.87,43.27,8.71,20.68,0.188861,
08-Apr-17,1175.95,44.31,9.92,20.83,0.190221,
07-Apr-17,1176.9,42.16,9.37,19.39,0.188531,
06-Apr-17,1182.68,43.24,10.25,19.27,0.18643,
05-Apr-17,1124.78,45.3,11.09,19.62,0.184719,
04-Apr-17,1133.25,44.64,8.29,21.35,0.185002,
03-Apr-17,1143.81,44.36,8.07,20.33,0.199703,
02-Apr-17,1102.17,48.75,7.74,20.14,0.20548,
01-Apr-17,1080.5,50.7,6.88,21.5,0.205017,
31-Mar-17,1071.79,50.04,6.67,20.54,0.203541,
30-Mar-17,1026.43,52.21,6.98,20.88,0.210556,
29-Mar-17,1039.97,53.13,4.19,21.14,0.212428,
28-Mar-17,1047.15,50.77,4.16,19.81,0.220632,
27-Mar-17,1045.77,49.67,4.08,19.66,0.186426,
26-Mar-17,966.73,50.52,4.06,19.61,0.160384,
25-Mar-17,972.78,51.25,4.07,20.14,0.167305,
24-Mar-17,937.52,53.11,4.08,21.1,0.166465,
23-Mar-17,1038.59,43.68,3.98,21.82,0.166412,
22-Mar-17,1049.14,42.34,3.94,21.42,0.173143,
21-Mar-17,1120.54,43.15,4.01,21.29,0.164934,
20-Mar-17,1054.23,43.39,4.03,22.51,0.153898,
19-Mar-17,1036.74,44.74,3.96,23.29,0.15756,
18-Mar-17,973.82,34.16,3.97,20.07,0.158987,
17-Mar-17,1100.23,46.83,4.06,22.35,0.139902,
16-Mar-17,1187.81,46.35,4.24,22.48,0.131867,
15-Mar-17,1249.61,35.06,4.16,18.98,0.128653,
14-Mar-17,1240,28.65,4.06,17.76,0.133681,
13-Mar-17,1231.92,28.59,4.17,18.13,0.136979,
12-Mar-17,1221.38,23.44,3.84,16.79,0.140575,
11-Mar-17,1175.83,21.47,3.8,14.69,0.142142,
10-Mar-17,1116.72,19.33,3.75,13.21,0.131476,
09-Mar-17,1188.49,17.75,3.84,13.03,0.132026,
08-Mar-17,1150,16.65,3.78,12.47,0.116242,
07-Mar-17,1223.54,18.89,3.82,13.53,0.122573,
06-Mar-17,1272.83,19.61,3.92,15.41,0.12345,
05-Mar-17,1267.12,19.3,3.9,15.18,0.121757,
04-Mar-17,1255.15,18.62,3.88,13.67,0.119901,
03-Mar-17,1274.99,19.46,3.92,13.91,0.122444,
02-Mar-17,1251.01,19.03,3.92,13.11,0.119301,
01-Mar-17,1222.5,17.35,3.8,12.33,0.135197,
28-Feb-17,1179.97,15.82,3.77,12.28,0.117443,
27-Feb-17,1179.97,15.4,3.8,11.96,0.115376,
26-Feb-17,1165.2,14.52,3.83,11.89,0.114986,
25-Feb-17,1143.84,13.55,3.83,11.85,0.114526,
24-Feb-17,1173.68,13.07,3.85,11.92,0.121185,
23-Feb-17,1166.72,13.12,3.84,12.87,0.118724,
22-Feb-17,1117.44,12.6,3.81,12.77,0.121959,
21-Feb-17,1115.3,12.67,3.78,12.34,0.121561,
20-Feb-17,1079.98,12.43,3.77,12.22,0.121475,
19-Feb-17,1047.87,12.76,3.76,12.99,0.122905,
18-Feb-17,1054.42,12.81,3.79,13.36,0.124431,
17-Feb-17,1046.21,12.68,3.83,13.3,0.122661,
16-Feb-17,1027.44,12.9,3.79,13.1,0.126088,
15-Feb-17,1007.48,12.92,3.81,13.62,0.112729,
14-Feb-17,1004.55,13.03,3.77,12.99,0.116603,
13-Feb-17,990.64,11.27,3.72,12.2,0.118286,
12-Feb-17,999.18,11.4,3.76,12.33,0.121566,
11-Feb-17,1004.45,11.35,3.79,12.24,0.125607,
10-Feb-17,988.67,11.28,3.78,11.98,0.125761,
09-Feb-17,994.38,11.03,3.8,12.12,0.127476,
08-Feb-17,1063.07,11.43,4.02,12.8,0.129568,
07-Feb-17,1061.35,11.52,4.04,12.65,0.133135,
06-Feb-17,1038.15,11.39,4.04,12.88,0.126788,
05-Feb-17,1027.34,11.35,4.04,12.8,0.131582,
04-Feb-17,1042.9,11.43,4.06,12.61,0.135867,
03-Feb-17,1029.91,11.11,4.08,12.86,0.134264,
02-Feb-17,1011.8,10.82,4.09,13.14,0.145699,
01-Feb-17,989.02,10.73,4.08,13.27,0.147218,
31-Jan-17,970.4,10.73,4.08,12.99,0.147016,
30-Jan-17,920.38,10.57,4.02,12.71,0.15376,
29-Jan-17,919.5,10.48,3.85,12.66,0.141204,
28-Jan-17,921.59,10.56,3.85,12.85,0.134674,
27-Jan-17,919.75,10.54,3.86,12.1,0.130343,
26-Jan-17,917.59,10.59,3.83,11.98,0.133612,
25-Jan-17,901.54,10.57,3.71,11.83,0.124216,
24-Jan-17,892.69,10.63,3.79,11.81,0.120213,
23-Jan-17,921.01,10.82,3.84,12.25,0.129948,
22-Jan-17,924.67,10.7,3.84,12.18,0.114313,
21-Jan-17,921.79,10.91,3.9,12.03,0.116309,
20-Jan-17,895.03,10.6,3.89,11.91,0.117809,
19-Jan-17,899.07,10.4,3.86,12.15,0.116619,
18-Jan-17,886.62,10.23,3.84,12.05,0.123035,
17-Jan-17,907.94,10.3,3.94,12.39,0.116638,
16-Jan-17,831.53,9.64,3.9,10.64,0.119649,
15-Jan-17,821.8,9.9,3.93,10.76,0.123732,
14-Jan-17,818.41,9.65,3.9,11.09,0.122939,
13-Jan-17,823.98,9.77,3.89,11.27,0.121321,
12-Jan-17,804.83,9.86,3.96,11.85,0.124122,
11-Jan-17,777.76,9.72,3.85,11.64,0.115138,
10-Jan-17,907.68,10.55,4.59,13.39,0.133864,
09-Jan-17,902.83,10.33,4.3,13.74,0.123767,
08-Jan-17,911.2,10.29,3.99,13.47,0.132609,
07-Jan-17,908.59,9.87,3.96,13.06,0.131104,
06-Jan-17,902.2,10.25,3.86,14.03,0.135472,
05-Jan-17,1013.38,10.25,4.29,16.19,0.13107,
04-Jan-17,1154.73,11.25,4.84,18.53,0.136734,
03-Jan-17,1043.84,9.73,4.63,16.09,0.140422,
02-Jan-17,1021.75,8.38,4.65,16.05,0.145642,
01-Jan-17,998.33,8.17,4.51,13.97,0.141841,
31-Dec-16,963.74,7.97,4.33,13.78,0.144763,
30-Dec-16,961.24,8.16,4.39,12.97,0.147527,
29-Dec-16,973.5,8.28,4.56,13.13,0.14095,
28-Dec-16,975.92,7.52,4.57,14.09,0.150689,
27-Dec-16,933.2,7.17,4.47,12.69,0.158032,
26-Dec-16,907.61,7.27,4.36,10.27,0.166597,
25-Dec-16,896.18,7.18,4.35,9.73,0.146788,
24-Dec-16,898.82,7.27,4.55,9.65,0.146916,
23-Dec-16,921.98,7.17,4.66,9.55,0.137593,
22-Dec-16,864.54,7.58,3.71,8.9,0.155065,
21-Dec-16,834.28,7.91,3.65,8.28,0.167117,
20-Dec-16,800.88,7.66,3.66,8.43,0.120868,
19-Dec-16,792.71,7.64,3.66,8.63,0.121387,
18-Dec-16,790.53,7.87,3.68,8.61,0.11526,
17-Dec-16,790.83,7.88,3.7,8.32,0.105842,
16-Dec-16,784.91,7.86,3.63,8.51,0.114432,
15-Dec-16,778.09,7.83,3.62,8.42,0.109837,
14-Dec-16,781.48,8.27,3.62,8.41,0.121008,
13-Dec-16,780.56,8.42,3.65,8.11,0.127959,
12-Dec-16,780.09,8.52,3.66,8.05,0.129977,
11-Dec-16,769.73,8.19,3.64,7.91,0.122134,
10-Dec-16,774.65,8.13,3.68,7.78,0.125328,
09-Dec-16,772.79,8.45,3.69,7.95,0.13007,
08-Dec-16,770.81,8.23,3.69,7.79,0.134429,
07-Dec-16,768.13,8.38,3.62,7.89,0.13745,
06-Dec-16,764.22,7.87,3.54,7.54,0.136097,
05-Dec-16,758.7,6.82,3.53,7.91,0.141459,
04-Dec-16,773.87,7.44,3.9,7.8,0.14717,
03-Dec-16,771.15,7.92,3.92,8.27,0.142444,
02-Dec-16,777.94,7.76,3.95,8.23,0.141991,
01-Dec-16,756.77,8.45,3.91,8.58,0.140114,
30-Nov-16,745.69,8.59,3.89,8.95,0.144636,
29-Nov-16,735.6,8.17,3.87,7.6,0.149953,
28-Nov-16,735.81,8.72,3.88,7.89,0.167994,
27-Nov-16,732.03,9,3.88,7.93,0.17305,
26-Nov-16,735.38,9.33,3.89,7.62,0.174141,
25-Nov-16,741.65,9.4,3.92,7.54,0.174514,
24-Nov-16,740.29,9.23,3.91,7.81,0.171955,
23-Nov-16,744.59,9.84,3.93,7.91,0.167085,
22-Nov-16,751.35,9.91,3.95,7.69,0.168892,
21-Nov-16,739.25,9.62,3.94,6.8,0.173476,
20-Nov-16,731.03,9.58,3.92,6.58,0.170999,
19-Nov-16,751.62,9.66,3.95,6.55,0.169928,
18-Nov-16,751.59,9.48,3.96,6.72,0.172177,
17-Nov-16,740.98,9.99,3.94,6.79,0.17328,
16-Nov-16,744.2,10.06,4.02,6.58,0.162529,
15-Nov-16,711.62,10.22,3.89,7.3,0.173875,
14-Nov-16,705.02,9.97,3.88,7.71,0.183786,
13-Nov-16,702.03,10.1,3.88,7.1,0.169917,
12-Nov-16,705.05,9.88,3.76,7.44,0.168695,
11-Nov-16,716.41,10.29,3.82,6.78,0.176226,
10-Nov-16,715.53,10.52,3.82,6.1,0.168272,
09-Nov-16,723.27,10.66,3.86,6.19,0.159859,
08-Nov-16,709.85,10.83,3.84,6.32,0.161594,
07-Nov-16,703.13,10.81,3.84,5.74,0.173087,
06-Nov-16,711.52,10.87,3.89,4.97,0.164002,
05-Nov-16,703.42,11,3.87,5.02,0.160797,
04-Nov-16,703.24,11.09,3.88,4.85,0.175917,
03-Nov-16,688.7,10.8,3.86,4.89,0.173534,
02-Nov-16,740.83,10.75,4.1,4.51,0.197941,
01-Nov-16,729.79,10.77,4.09,4.71,0.211322,
31-Oct-16,700.97,11,3.99,5.12,0.228251,
30-Oct-16,701.86,11.18,4.03,5.57,0.181026,
29-Oct-16,714.48,10.44,4.09,5.14,0.170166,
28-Oct-16,689.65,11.09,3.97,5.73,0.151552,
27-Oct-16,688.31,11.5,4.02,6.21,0.127426,
26-Oct-16,678.3,11.53,3.96,6.17,0.129615,
25-Oct-16,657.59,11.41,3.9,6.09,0.135712,
24-Oct-16,653.76,11.97,3.87,6.42,0.093762,
23-Oct-16,657.07,12.04,3.92,6.51,0.082726,
22-Oct-16,657.29,12.07,3.89,6.52,0.081484,
21-Oct-16,632.83,12.18,3.81,6.78,0.080181,
20-Oct-16,630.86,12.1,3.78,6.56,0.092682,
19-Oct-16,630.52,12.02,3.8,6.62,0.117084,
18-Oct-16,637.96,12.59,3.84,6.57,0.19744,
17-Oct-16,639.19,12.01,3.91,6.28,0.192747,
16-Oct-16,641.63,11.95,3.89,6.38,0.175901,
15-Oct-16,638.65,11.98,3.87,6.56,0.179885,
14-Oct-16,640.38,11.94,3.9,6.92,0.191014,
13-Oct-16,636.79,11.96,3.91,6.91,0.185407,
12-Oct-16,636.19,11.93,3.76,7.31,0.186052,
11-Oct-16,641.07,11.79,3.82,7.28,0.193575,
10-Oct-16,618.99,11.76,3.8,6.94,0.193108,
09-Oct-16,616.75,12.05,3.82,7.48,0.186541,
08-Oct-16,619.11,12.22,3.84,6.88,0.205229,
07-Oct-16,617.12,12.67,3.86,6.89,0.20284,
06-Oct-16,613.02,12.85,3.85,7.18,0.180059,
05-Oct-16,612.51,13.04,3.84,6.76,0.289392,
04-Oct-16,610.2,13.28,3.82,7.65,0.185843,
03-Oct-16,612.13,13.45,3.84,7.95,0.178713,
02-Oct-16,610.89,13.2,3.84,8.3,0.177279,
01-Oct-16,613.98,13.17,3.85,7.36,0.202293,
30-Sep-16,609.74,13.22,3.84,8.41,0.184939,
29-Sep-16,605.69,13.07,3.85,8.71,0.191738,
28-Sep-16,604.73,13.27,3.84,9.4,0.194798,
27-Sep-16,606.17,13.1,3.85,9.31,0.197913,
26-Sep-16,608.04,12.82,3.86,9.4,0.202491,
25-Sep-16,600.83,13.1,3.81,10.24,0.198994,
24-Sep-16,602.63,12.88,3.81,10.63,0.213843,
23-Sep-16,602.84,13.33,3.81,10.77,0.243237,
22-Sep-16,596.3,13.25,3.77,10.16,0.252723,
21-Sep-16,597.15,13.77,3.84,9.92,0.303794,
20-Sep-16,608.31,14.43,3.84,11.15,0.312621,
19-Sep-16,609.23,13.19,3.83,10.56,0.331296,
18-Sep-16,609.87,12.43,4.04,9.45,0.384916,
17-Sep-16,605.98,12.7,3.81,9.68,0.426568,
16-Sep-16,606.97,12.56,3.81,8.91,0.388858,
15-Sep-16,607.15,11.94,3.81,9.41,0.349832,
14-Sep-16,610.68,11.92,3.83,10.51,0.325127,
13-Sep-16,609.24,11.92,3.82,10.88,0.309509,
12-Sep-16,608.24,11.89,3.82,10.03,0.374598,
11-Sep-16,606.72,11.64,3.86,10.69,0.37615,
10-Sep-16,623.51,12.17,3.97,12.23,0.391001,
09-Sep-16,622.86,11.65,3.97,12.43,0.558478,
08-Sep-16,626.32,11.35,3.99,12.74,,
07-Sep-16,614.54,11.55,3.97,11.83,,
06-Sep-16,610.44,11.69,3.97,12.46,,
05-Sep-16,606.59,11.72,3.98,13.96,,
04-Sep-16,608.63,11.68,4.01,13.39,,
03-Sep-16,598.21,11.76,3.89,10.59,,
02-Sep-16,575.54,12.11,3.82,10.21,,
01-Sep-16,572.3,11.99,3.83,8,,
31-Aug-16,575.47,11.67,3.8,8.58,,
30-Aug-16,577.5,11.23,3.8,8.49,,
29-Aug-16,574.11,10.98,3.76,8.5,,
28-Aug-16,573.91,10.93,3.74,9.51,,
27-Aug-16,569.95,11.15,3.74,5.3,,
26-Aug-16,579.65,11.3,3.83,4.18,,
25-Aug-16,577.76,11.36,3.8,4.15,,
24-Aug-16,580.18,11.04,3.86,4.42,,
23-Aug-16,583.41,11.03,3.93,4.72,,
22-Aug-16,586.75,11.12,3.66,3.99,,
21-Aug-16,581.31,11.18,3.62,2.54,,
20-Aug-16,581.7,11.25,3.62,2.44,,
19-Aug-16,575.63,10.75,3.6,2.3,,
18-Aug-16,574.32,10.76,3.61,2.19,,
17-Aug-16,573.22,10.75,3.6,2.24,,
16-Aug-16,577.44,11.14,3.64,2.2,,
15-Aug-16,567.24,11.22,3.58,2.18,,
14-Aug-16,570.47,11.19,3.65,2.01,,
13-Aug-16,585.59,11.57,3.71,1.98,,
12-Aug-16,587.56,11.78,3.71,1.95,,
11-Aug-16,589.12,11.69,3.74,1.98,,
10-Aug-16,592.1,12.14,3.72,2.01,,
09-Aug-16,587.8,12.24,3.76,2.05,,
08-Aug-16,591.05,11.25,3.79,1.9,,
07-Aug-16,592.69,10.91,3.78,1.9,,
06-Aug-16,587.78,10.88,3.76,1.88,,
05-Aug-16,575.04,10.93,3.73,1.79,,
04-Aug-16,578.29,11.04,3.75,1.85,,
03-Aug-16,566.36,10.29,3.72,1.57,,
02-Aug-16,547.47,8.79,3.64,1.49,,
01-Aug-16,606.27,10.94,3.86,1.7,,
31-Jul-16,624.68,11.88,4.01,1.82,,
30-Jul-16,655.05,12.46,4.06,1.91,,
29-Jul-16,656.99,12.79,4.08,1.89,,
28-Jul-16,655.03,12.84,3.97,1.85,,
27-Jul-16,654.35,12.97,3.96,1.94,,
26-Jul-16,651.78,11.99,3.97,1.83,,
25-Jul-16,654.1,13.84,4.03,1.85,,
24-Jul-16,661.28,12.75,4.07,1.88,,
23-Jul-16,655.56,14.3,4.06,1.89,,
22-Jul-16,650.62,14.66,4.04,1.83,,
21-Jul-16,665.01,12.65,4.12,1.74,,
20-Jul-16,665.68,12.45,4.13,1.76,,
19-Jul-16,672.86,11.62,4.15,1.9,,
18-Jul-16,673.11,11.03,4.15,1.95,,
17-Jul-16,679.46,11.16,4.19,1.99,,
16-Jul-16,660.77,11.65,4.13,1.98,,
15-Jul-16,663.25,11.95,4.16,1.99,,
14-Jul-16,658.08,11.51,4.15,2.01,,
13-Jul-16,654.47,10.5,4.14,1.93,,
12-Jul-16,664.55,10.52,4.15,1.99,,
11-Jul-16,647.66,10.46,4.09,1.98,,
10-Jul-16,649.36,10.95,4.1,1.91,,
09-Jul-16,650.96,10.97,4.16,1.96,,
08-Jul-16,666.52,11.39,4.22,1.98,,
07-Jul-16,640.56,10.11,4.11,1.9,,
06-Jul-16,677.33,10.53,4.47,1.94,,
05-Jul-16,670.63,10.61,4.45,1.73,,
04-Jul-16,683.66,11.47,4.54,1.71,,
03-Jul-16,658.66,11.72,4.25,1.7,,
02-Jul-16,703.7,12.13,4.59,1.75,,
01-Jul-16,676.3,12.2,4.26,1.66,,
30-Jun-16,673.34,12.46,4.19,1.61,,
29-Jun-16,639.89,12.61,4.06,1.55,,
28-Jun-16,647,12.18,4.1,1.49,,
27-Jun-16,655.27,13.88,4.12,1.48,,
26-Jun-16,629.37,13.85,4.07,1.48,,
25-Jun-16,665.12,14.28,4.23,1.55,,
24-Jun-16,665.3,14.33,4.28,1.59,,
23-Jun-16,623.98,13.68,3.85,1.56,,
22-Jun-16,596.12,13.1,3.91,1.5,,
21-Jun-16,666.65,13.31,4.82,1.61,,
20-Jun-16,737.23,11.84,5.29,1.83,,
19-Jun-16,763.78,12.23,5.59,1.87,,
18-Jun-16,756.23,11.33,5.56,2.01,,
17-Jun-16,748.91,15.38,5.59,1.75,,
16-Jun-16,766.31,20.59,5.66,1.58,,
15-Jun-16,694.47,18.35,5.24,1.46,,
14-Jun-16,685.56,18.89,5.2,1.39,,
13-Jun-16,704.38,17.6,5.29,1.28,,
12-Jun-16,672.78,15.74,5.33,1.25,,
11-Jun-16,606.73,14.19,5.01,1.14,,
10-Jun-16,577.47,13.91,4.84,1.15,,
09-Jun-16,574.63,14.4,4.69,1.11,,
08-Jun-16,581.64,14.42,4.75,0.999952,,
07-Jun-16,576.6,14.51,4.77,1.01,,
06-Jun-16,585.54,13.93,4.96,1.01,,
05-Jun-16,574.98,13.97,4.81,1,,
04-Jun-16,572.73,13.74,4.81,0.974353,,
03-Jun-16,569.19,13.85,4.86,0.945202,,
02-Jun-16,537.97,13.74,4.72,0.92668,,
01-Jun-16,536.92,14,4.74,0.914871,,
31-May-16,531.39,14.08,4.65,0.928747,,
30-May-16,533.86,12.73,4.67,0.910537,,
29-May-16,526.23,12.35,4.61,0.881719,,
28-May-16,530.04,11.89,4.7,0.919737,,
27-May-16,473.46,11.3,4.5,0.859091,,
26-May-16,453.38,12.43,4.08,0.860175,,
25-May-16,449.6,12.53,4.05,0.865887,,
24-May-16,445.98,12.73,3.95,0.901127,,
23-May-16,444.15,13.46,3.97,0.91473,,
22-May-16,439.32,14.29,3.93,0.938764,,
21-May-16,443.19,14.02,3.95,0.975433,,
20-May-16,442.68,13.64,3.88,0.942222,,
19-May-16,438.71,14.77,3.83,0.853595,,
18-May-16,454.62,13.56,4,0.840542,,
17-May-16,453.78,12.2,3.98,0.813343,,
16-May-16,454.16,11.17,4.01,0.818356,,
15-May-16,457.57,9.96,4.06,0.823823,,
14-May-16,455.67,10.24,4.01,0.838895,,
13-May-16,455.67,10.51,3.93,0.847763,,
12-May-16,454.77,10.06,3.86,0.875668,,
11-May-16,452.73,10,3.88,0.85971,,
10-May-16,450.89,9.36,3.82,0.829463,,
09-May-16,460.48,9.3,4.06,0.825393,,
08-May-16,458.55,9.48,3.94,0.850586,,
07-May-16,458.54,9.37,3.95,0.880058,,
06-May-16,459.6,9.35,3.82,0.877466,,
05-May-16,447.98,9.83,3.71,0.906841,,
04-May-16,446.72,9.41,3.75,0.916455,,
03-May-16,450.3,9.31,3.74,0.908237,,
02-May-16,444.67,10.16,3.68,0.964395,,
01-May-16,451.88,8.85,3.71,0.914293,,
30-Apr-16,448.32,8.81,3.66,0.916537,,
29-Apr-16,455.1,7.46,3.81,0.883684,,
28-Apr-16,449.01,7.17,3.79,0.904794,,
27-Apr-16,444.69,7.76,3.89,0.941531,,
26-Apr-16,466.09,7.4,4.05,0.884295,,
25-Apr-16,461.43,7.55,3.81,0.953362,,
24-Apr-16,458.56,8,3.63,1.01,,
23-Apr-16,450.28,8.29,3.33,1.04,,
22-Apr-16,445.74,7.82,3.32,0.980429,,
21-Apr-16,449.43,8.1,3.35,0.977233,,
20-Apr-16,441.39,8.47,3.28,1.06,,
19-Apr-16,435.51,8.71,3.29,1.11,,
18-Apr-16,428.59,9.04,3.24,1.11,,
17-Apr-16,427.4,9.31,3.26,1.04,,
16-Apr-16,430.57,8.61,3.27,0.977983,,
15-Apr-16,429.71,8.24,3.28,0.990145,,
14-Apr-16,424.28,8.39,3.24,1.01,,
13-Apr-16,423.73,8.04,3.24,1.03,,
12-Apr-16,425.19,7.44,3.26,0.955986,,
11-Apr-16,422.48,8.64,3.24,1.02,,
10-Apr-16,421.56,8.94,3.23,1.1,,
09-Apr-16,419.41,9.15,3.22,1.13,,
08-Apr-16,420.35,9.72,3.22,1.24,,
07-Apr-16,422.75,10.07,3.25,1.5,,
06-Apr-16,423.41,10.69,3.26,1.51,,
05-Apr-16,424.03,10.44,3.25,1.52,,
04-Apr-16,421.44,11.16,3.25,1.6,,
03-Apr-16,420.9,11.62,3.26,1.54,,
02-Apr-16,420.87,11.6,3.26,1.55,,
01-Apr-16,417.96,11.66,3.24,1.46,,
31-Mar-16,416.73,11.4,3.26,1.4,,
30-Mar-16,414.82,11.95,3.22,1.45,,
29-Mar-16,416.52,11.66,3.23,1.49,,
28-Mar-16,424.23,11.67,3.26,1.49,,
27-Mar-16,426.76,10.42,3.3,1.53,,
26-Mar-16,417.94,10.97,3.23,1.7,,
25-Mar-16,417.18,10.74,3.23,1.6,,
24-Mar-16,416.39,11.23,3.22,1.7,,
23-Mar-16,418.04,12.42,3.24,1.45,,
22-Mar-16,418.09,11.27,3.23,1.39,,
21-Mar-16,413.31,11.86,3.2,1.49,,
20-Mar-16,413.75,10.32,3.21,1.52,,
19-Mar-16,410.44,10.53,3.18,1.21,,
18-Mar-16,409.55,11,3.17,1.15,,
17-Mar-16,420.62,11.08,3.31,1.3,,
16-Mar-16,417.01,12.52,3.31,1.15,,
15-Mar-16,416.83,13.01,3.31,1.14,,
14-Mar-16,416.44,12.45,3.3,1.12,,
13-Mar-16,414.06,14.47,3.31,1.24,,
12-Mar-16,411.62,13.53,3.29,1.15,,
11-Mar-16,421.69,11.08,3.38,1.1,,
10-Mar-16,417.13,11.3,3.29,1.09,,
09-Mar-16,414.86,11.9,3.28,1.24,,
08-Mar-16,413.97,9.85,3.25,1.19,,
07-Mar-16,414.32,9.55,3.27,1.07,,
06-Mar-16,407.71,11.38,3.22,1.2,,
05-Mar-16,400.57,11,3.19,1.2,,
04-Mar-16,410.94,10.41,3.25,1.1,,
03-Mar-16,421.65,9.29,3.32,1.09,,
02-Mar-16,423.99,8.47,3.37,0.827633,,
01-Mar-16,435.12,7.65,3.43,0.847996,,
29-Feb-16,437.7,6.34,3.45,0.870503,,
28-Feb-16,433.5,6.47,3.44,0.870485,,
27-Feb-16,432.52,6.43,3.41,0.8297,,
26-Feb-16,432.15,5.92,3.42,0.813595,,
25-Feb-16,424.54,6.1,3.37,0.806427,,
24-Feb-16,424.95,6.24,3.37,0.801251,,
23-Feb-16,420.74,5.59,3.4,0.756528,,
22-Feb-16,437.75,5.62,3.48,0.77803,,
21-Feb-16,438.8,4.65,3.46,0.782148,,
20-Feb-16,437.16,4.34,3.46,0.824465,,
19-Feb-16,420.79,4.74,3.25,0.819088,,
18-Feb-16,422.37,4.4,3.25,0.774533,,
17-Feb-16,416.32,3.76,3.24,0.733156,,
16-Feb-16,407.49,4.32,3.21,0.935744,,
15-Feb-16,400.19,5.29,3.18,0.791647,,
14-Feb-16,407.23,5.24,3.21,0.846403,,
13-Feb-16,391.86,5.39,3.13,0.804311,,
12-Feb-16,384.26,5.55,3.11,0.612499,,
11-Feb-16,379.65,6.01,3.08,0.516381,,
10-Feb-16,381.65,4.44,3.1,0.480424,,
09-Feb-16,376.03,4.04,3.08,0.46485,,
08-Feb-16,373.45,3.18,3.06,0.481636,,
07-Feb-16,376.62,2.96,3.09,0.479407,,
06-Feb-16,376.52,2.53,3.1,0.480421,,
05-Feb-16,386.55,2.54,3.14,0.496352,,
04-Feb-16,389.59,2.58,3.16,0.507164,,
03-Feb-16,369.95,2.53,3.05,0.491974,,
02-Feb-16,374.45,2.44,3.08,0.501037,,
01-Feb-16,373.06,2.21,3.08,0.497962,,
31-Jan-16,368.77,2.31,3.05,0.483429,,
30-Jan-16,378.25,2.45,3.08,0.511528,,
29-Jan-16,379.47,2.49,3.11,0.51825,,
28-Jan-16,380.29,2.53,3.12,0.563129,,
27-Jan-16,394.97,2.39,3.29,0.61087,,
26-Jan-16,392.15,2.28,3.15,0.584982,,
25-Jan-16,391.73,2.5,3.13,0.581354,,
24-Jan-16,402.97,2.14,3.18,0.62205,,
23-Jan-16,387.49,1.97,3.1,0.61602,,
22-Jan-16,382.49,1.5,3.08,0.536995,,
21-Jan-16,410.26,1.55,3.22,0.549362,,
20-Jan-16,420.23,1.53,3.39,0.535095,,
19-Jan-16,380.15,1.37,3.02,0.545904,,
18-Jan-16,387.17,1.43,3.05,0.502346,,
17-Jan-16,382.3,1.33,3.03,0.450774,,
16-Jan-16,387.54,1.22,3.09,0.496668,,
15-Jan-16,364.33,1.21,3,0.428456,,
14-Jan-16,430.31,1.19,3.47,0.486483,,
13-Jan-16,432.37,1.13,3.48,0.484302,,
12-Jan-16,435.69,1.14,3.49,0.490113,,
11-Jan-16,448.43,1.06,3.56,0.482049,,
10-Jan-16,447.99,0.999231,3.54,0.488578,,
09-Jan-16,447.61,0.986833,3.56,0.490135,,
08-Jan-16,453.23,0.986789,3.57,0.488417,,
07-Jan-16,458.05,0.942005,3.6,0.492529,,
06-Jan-16,429.11,0.95086,3.45,0.505053,,
05-Jan-16,431.96,0.950176,3.47,0.499272,,
04-Jan-16,433.09,0.95448,3.5,0.517388,,
03-Jan-16,430.01,0.971905,3.48,0.500312,,
02-Jan-16,433.44,0.937124,3.5,0.532668,,
01-Jan-16,434.33,0.948024,3.51,0.497867,,
31-Dec-15,430.57,0.933542,3.48,0.470402,,
30-Dec-15,426.62,0.911958,3.46,0.441028,,
29-Dec-15,432.98,0.873054,3.5,0.45616,,
28-Dec-15,422.28,0.845005,3.47,0.446928,,
27-Dec-15,422.82,0.856365,3.48,0.451554,,
26-Dec-15,417.27,0.854603,3.42,0.446716,,
25-Dec-15,455.65,0.870363,3.62,0.484163,,
24-Dec-15,454.99,0.863262,3.64,0.490058,,
23-Dec-15,442.4,0.858077,3.58,0.482244,,
22-Dec-15,436.57,0.864202,3.42,0.480099,,
21-Dec-15,438.64,0.900771,3.46,0.488745,,
20-Dec-15,442.69,0.903885,3.54,0.507456,,
19-Dec-15,462.32,0.908072,3.72,0.471013,,
18-Dec-15,463.62,0.920127,3.76,0.499438,,
17-Dec-15,456.08,0.940701,3.74,0.501231,,
16-Dec-15,454.93,0.991182,3.7,0.518993,,
15-Dec-15,465.32,1.01,3.83,0.556358,,
14-Dec-15,444.18,0.993022,3.61,0.534761,,
13-Dec-15,433.75,0.952884,3.63,0.465171,,
12-Dec-15,435,0.976973,3.61,0.455326,,
11-Dec-15,451.94,0.929762,3.84,0.458294,,
10-Dec-15,415.48,0.840396,3.66,0.431434,,
09-Dec-15,417.56,0.792167,3.67,0.452073,,
08-Dec-15,415.56,0.822118,3.69,0.42936,,
07-Dec-15,395.54,0.811264,3.65,0.421295,,
06-Dec-15,388.78,0.8355,3.47,0.439947,,
05-Dec-15,388.95,0.862438,3.52,0.451304,,
04-Dec-15,363.18,0.840041,3.36,0.370805,,
03-Dec-15,361.05,0.812143,3.38,0.366891,,
02-Dec-15,359.19,0.82121,3.34,0.368688,,
01-Dec-15,362.49,0.8748,3.43,0.376028,,
30-Nov-15,377.32,0.873119,3.62,0.395225,,
29-Nov-15,371.29,0.878614,3.67,0.401147,,
28-Nov-15,357.38,0.915703,3.52,0.39204,,
27-Nov-15,358.04,0.867951,3.58,0.386268,,
26-Nov-15,352.68,0.884183,3.61,0.404663,,
25-Nov-15,328.21,0.863537,3.34,0.387684,,
24-Nov-15,320.05,0.900191,3.11,0.390148,,
23-Nov-15,323.05,0.946969,3.12,0.391113,,
22-Nov-15,324.54,0.968018,3.14,0.395824,,
21-Nov-15,326.93,0.97614,3.15,0.391906,,
20-Nov-15,322.02,0.92492,3.12,0.389316,,
19-Nov-15,326.15,0.955532,3.13,0.407052,,
18-Nov-15,334.59,0.993319,3.19,0.415567,,
17-Nov-15,335.09,1.01,3.2,0.428999,,
16-Nov-15,330.75,0.928962,3.19,0.435954,,
15-Nov-15,320.17,0.906368,3.07,0.43081,,
14-Nov-15,332.91,0.888812,3.19,0.424853,,
13-Nov-15,336.75,0.904096,3.23,0.452619,,
12-Nov-15,338.15,0.895711,3.28,0.443275,,
11-Nov-15,311.08,0.791829,2.97,0.450299,,
10-Nov-15,336.82,0.934348,3.12,0.460954,,
09-Nov-15,380.26,0.999278,3.4,0.472776,,
08-Nov-15,373.37,1.03,3.42,0.497654,,
07-Nov-15,386.48,0.927974,3.6,0.452638,,
06-Nov-15,374.47,0.926032,3.55,0.439195,,
05-Nov-15,386.35,0.895637,3.96,0.43253,,
04-Nov-15,411.56,0.89905,4.23,0.505869,,
03-Nov-15,403.42,1.01,4.59,0.442707,,
02-Nov-15,361.19,0.989789,4.16,0.442886,,
01-Nov-15,325.43,1.06,3.96,0.423505,,
31-Oct-15,314.17,0.916627,3.8,0.404538,,
30-Oct-15,328.01,1.04,4.06,0.456442,,
29-Oct-15,313.86,1.21,3.78,0.447103,,
28-Oct-15,304.62,1,3.1,0.448829,,
27-Oct-15,293.79,0.869641,3.09,0.409574,,
26-Oct-15,285.3,0.731317,3.1,0.38796,,
25-Oct-15,283.68,0.616039,3.07,0.407067,,
24-Oct-15,281.65,0.56359,3.1,0.395808,,
23-Oct-15,276.5,0.539657,3.11,0.393922,,
22-Oct-15,274.02,0.567702,3.11,0.403236,,
21-Oct-15,266.27,0.447329,3.08,0.394597,,
20-Oct-15,269.46,0.434829,3.09,0.399646,,
19-Oct-15,263.44,0.489014,3.05,0.403212,,
18-Oct-15,261.64,0.517734,3.02,0.409797,,
17-Oct-15,270.64,0.547178,3.07,0.426942,,
16-Oct-15,262.87,0.536495,3.11,0.411511,,
15-Oct-15,254.32,0.561878,3.1,0.390841,,
14-Oct-15,251.99,0.522968,3.14,0.384266,,
13-Oct-15,249.51,0.607655,3.18,0.388015,,
12-Oct-15,245.31,0.62603,3.14,0.395317,,
11-Oct-15,247.05,0.634963,3.15,0.380724,,
10-Oct-15,244.94,0.627857,3.11,0.387789,,
09-Oct-15,243.93,0.650628,3.11,0.397329,,
08-Oct-15,242.3,0.621716,3.06,0.387872,,
07-Oct-15,242.97,0.609388,3.06,0.393186,,
06-Oct-15,246.06,0.650645,3.15,0.411378,,
05-Oct-15,240.38,0.628643,3.02,0.416151,,
04-Oct-15,238.26,0.668379,3.01,0.400312,,
03-Oct-15,238.73,0.687171,3.03,0.409928,,
02-Oct-15,237.29,0.678574,2.99,0.409897,,
01-Oct-15,237.55,0.690215,3,0.404696,,
30-Sep-15,236.06,0.738644,3.01,0.399882,,
29-Sep-15,236.69,0.661146,2.97,0.435817,,
28-Sep-15,239.14,0.582886,3.07,0.448998,,
27-Sep-15,232.76,0.720839,2.87,0.43771,,
26-Sep-15,234.34,0.785964,2.89,0.445105,,
25-Sep-15,235.14,0.736223,2.89,0.451515,,
24-Sep-15,234.53,0.81361,2.93,0.468678,,
23-Sep-15,230.28,0.893406,2.87,0.464606,,
22-Sep-15,230.62,0.901796,2.84,0.471829,,
21-Sep-15,227.09,0.919047,2.8,0.480452,,
20-Sep-15,231.21,0.938445,2.85,0.485971,,
19-Sep-15,231.49,0.882391,2.87,0.496418,,
18-Sep-15,232.97,0.853685,2.96,0.50044,,
17-Sep-15,229.81,0.874231,2.91,0.494782,,
16-Sep-15,229.09,0.907175,2.8,0.509974,,
15-Sep-15,230.3,0.94441,2.82,0.502379,,
14-Sep-15,230.64,0.875622,2.84,0.482289,,
13-Sep-15,230.51,0.936003,2.82,0.462865,,
12-Sep-15,235.23,1.04,2.83,0.465473,,
11-Sep-15,240.11,0.982978,2.96,0.495325,,
10-Sep-15,238.48,1.17,2.95,0.497247,,
09-Sep-15,238.17,1.21,2.92,0.506011,,
08-Sep-15,243.61,1.24,3.05,0.517402,,
07-Sep-15,239.85,1.25,3.05,0.499452,,
06-Sep-15,239.84,1.3,3.05,0.505111,,
05-Sep-15,235.02,1.34,2.92,0.481594,,
04-Sep-15,230.3,1.27,2.7,0.467874,,
03-Sep-15,227.18,1.26,2.63,0.45929,,
02-Sep-15,229.28,1.29,2.8,0.468083,,
01-Sep-15,228.12,1.35,2.82,0.458517,,
31-Aug-15,230.06,1.36,2.84,0.467238,,
30-Aug-15,228.76,1.32,2.85,0.459009,,
29-Aug-15,229.78,1.18,2.88,0.47655,,
28-Aug-15,231.4,1.19,2.91,0.481627,,
27-Aug-15,224.77,1.15,2.87,0.465475,,
26-Aug-15,225.83,1.16,2.95,0.496679,,
25-Aug-15,221.61,1.14,2.94,0.490286,,
24-Aug-15,210.5,1.23,2.99,0.434871,,
23-Aug-15,228.17,1.35,3.39,0.544585,,
22-Aug-15,230.39,1.38,3.51,0.553084,,
21-Aug-15,232.57,1.4,3.57,0.568307,,
20-Aug-15,235.35,1.46,3.61,0.597797,,
19-Aug-15,226.68,1.26,3.48,0.534101,,
18-Aug-15,211.08,1.09,3.47,0.493284,,
17-Aug-15,257.98,1.2,3.98,0.610122,,
16-Aug-15,258.51,1.57,3.95,0.620167,,
15-Aug-15,261.55,1.69,3.93,0.613236,,
14-Aug-15,265.68,1.83,4.03,0.609906,,
13-Aug-15,264.08,1.83,3.88,0.575855,,
12-Aug-15,266.38,1.22,3.99,0.622923,,
11-Aug-15,270.39,1.07,4.16,0.603582,,
10-Aug-15,264.47,0.708448,3.95,0.656576,,
09-Aug-15,265.08,0.701897,3.9,0.674739,,
08-Aug-15,261,0.753325,3.85,0.676046,,
07-Aug-15,279.58,2.77,4.21,0.742292,,
06-Aug-15,278.58,,4.06,0.729102,,
05-Aug-15,281.88,,4.35,0.618616,,
04-Aug-15,285.22,,4.38,0.618406,,
03-Aug-15,281.23,,4.16,0.595818,,
02-Aug-15,282.61,,4.17,0.624904,,
01-Aug-15,281.6,,4.15,0.588741,,
31-Jul-15,284.65,,4.64,0.574956,,
30-Jul-15,287.72,,4.58,0.583228,,
29-Jul-15,289.59,,4.8,0.589967,,
28-Jul-15,294.43,,5.06,0.615015,,
27-Jul-15,293.62,,4.67,0.59605,,
26-Jul-15,292.69,,4.66,0.584723,,
25-Jul-15,288.7,,4.63,0.566003,,
24-Jul-15,288.28,,4.6,0.576016,,
23-Jul-15,276.05,,3.78,0.570335,,
22-Jul-15,277.22,,3.82,0.57342,,
21-Jul-15,275.83,,3.77,0.587578,,
20-Jul-15,278.98,,3.94,0.547709,,
19-Jul-15,273.61,,3.77,0.537989,,
18-Jul-15,274.9,,4,0.523595,,
17-Jul-15,279.47,,3.79,0.535182,,
16-Jul-15,278.09,,3.69,0.536325,,
15-Jul-15,285.83,,4.21,0.541855,,
14-Jul-15,287.46,,4.65,0.570033,,
13-Jul-15,292.05,,4.68,0.572132,,
12-Jul-15,310.87,,5.29,0.628094,,
11-Jul-15,293.12,,4.37,0.539175,,
10-Jul-15,284.89,,4.51,0.520876,,
09-Jul-15,269.23,,7.54,0.497226,,
08-Jul-15,270.79,,6.36,0.51399,,
07-Jul-15,266.21,,5.23,0.512376,,
06-Jul-15,269.03,,5.42,0.505507,,
05-Jul-15,271.91,,4.95,0.521969,,
04-Jul-15,260.89,,4.11,0.507361,,
03-Jul-15,256.34,,4.12,0.491196,,
02-Jul-15,255.41,,4.07,0.492605,,
01-Jul-15,258.62,,3.92,0.498848,,
30-Jun-15,263.07,,4.09,0.500266,,
29-Jun-15,257.06,,3.74,0.493447,,
28-Jun-15,249.01,,3.31,0.470636,,
27-Jun-15,250.99,,3.1,0.491951,,
26-Jun-15,243.59,,2.86,0.484247,,
25-Jun-15,242.8,,2.85,0.503678,,
24-Jun-15,240.51,,2.78,0.506506,,
23-Jun-15,244.3,,2.97,0.526921,,
22-Jun-15,246.99,,3.03,0.540599,,
21-Jun-15,243.94,,3.02,0.523274,,
20-Jun-15,245.21,,3.04,0.53798,,
19-Jun-15,244.61,,2.81,0.511796,,
18-Jun-15,249.01,,3.1,0.50388,,
17-Jun-15,249.28,,2.89,0.50334,,
16-Jun-15,250.9,,2.88,0.506086,,
15-Jun-15,236.82,,2.02,0.508224,,
14-Jun-15,233.54,,2,0.49497,,
13-Jun-15,232.4,,1.86,0.489472,,
12-Jun-15,229.98,,1.8,0.470966,,
11-Jun-15,229.71,,1.79,0.462852,,
10-Jun-15,228.8,,1.76,0.479738,,
09-Jun-15,229.05,,1.8,0.495991,,
08-Jun-15,228.49,,1.79,0.542956,,
07-Jun-15,222.88,,1.73,0.517933,,
06-Jun-15,225.62,,1.76,0.526428,,
05-Jun-15,224.95,,1.76,0.498892,,
04-Jun-15,224.32,,1.67,0.476494,,
03-Jun-15,225.87,,1.69,0.453476,,
02-Jun-15,225.8,,1.67,0.455539,,
01-Jun-15,222.93,,1.62,0.451619,,
31-May-15,230.19,,1.64,0.450889,,
30-May-15,233.34,,1.81,0.445107,,
29-May-15,237.1,,1.83,0.439872,,
28-May-15,237.41,,1.84,0.443637,,
27-May-15,237.28,,1.85,0.421971,,
26-May-15,237.12,,1.82,0.446883,,
25-May-15,237.11,,1.8,0.463606,,
24-May-15,240.95,,1.83,0.479603,,
23-May-15,238.87,,1.79,0.470987,,
22-May-15,240.35,,1.83,0.460764,,
21-May-15,235.34,,1.48,0.462956,,
20-May-15,234.02,,1.46,0.492917,,
19-May-15,231.95,,1.45,0.51466,,
18-May-15,233.13,,1.45,0.535773,,
17-May-15,236.8,,1.45,0.557216,,
16-May-15,236.15,,1.45,0.595673,,
15-May-15,237.6,,1.45,0.544965,,
14-May-15,236.93,,1.45,0.495548,,
13-May-15,236.38,,1.45,0.483207,,
12-May-15,241.11,,1.45,0.477612,,
11-May-15,242.16,,1.44,0.511342,,
10-May-15,240.3,,1.44,0.565103,,
09-May-15,241.83,,1.45,0.513693,,
08-May-15,243.86,,1.48,0.490568,,
07-May-15,237.33,,1.46,0.473934,,
06-May-15,229.78,,1.39,0.458257,,
05-May-15,236.12,,1.41,0.471166,,
04-May-15,239.02,,1.41,0.467889,,
03-May-15,240.36,,1.43,0.499079,,
02-May-15,234.93,,1.42,0.497577,,
01-May-15,232.08,,1.41,0.499998,,
30-Apr-15,236.15,,1.44,0.501179,,
29-Apr-15,225.81,,1.36,0.491526,,
28-Apr-15,225.85,,1.36,0.47931,,
27-Apr-15,229.29,,1.38,0.566088,,
26-Apr-15,219.43,,1.32,0.556385,,
25-Apr-15,226.39,,1.4,0.56474,,
24-Apr-15,231.27,,1.42,0.569937,,
23-Apr-15,236.46,,1.46,0.603233,,
22-Apr-15,234.18,,1.45,0.576331,,
21-Apr-15,235.27,,1.42,0.632725,,
20-Apr-15,224.63,,1.41,0.678942,,
19-Apr-15,222.6,,1.39,0.662209,,
18-Apr-15,223.36,,1.41,0.694249,,
17-Apr-15,222.88,,1.41,0.658304,,
16-Apr-15,228.57,,1.42,0.678599,,
15-Apr-15,223.83,,1.38,0.673307,,
14-Apr-15,219.16,,1.38,0.656934,,
13-Apr-15,224.59,,1.38,0.691741,,
12-Apr-15,236.15,,1.46,0.800135,,
11-Apr-15,236.55,,1.46,0.827207,,
10-Apr-15,236.07,,1.53,0.800381,,
09-Apr-15,243.68,,1.59,0.758207,,
08-Apr-15,245.02,,1.63,0.755192,,
07-Apr-15,253.18,,1.67,0.833302,,
06-Apr-15,255.49,,1.69,0.789463,,
05-Apr-15,260.6,,1.7,0.883731,,
04-Apr-15,253.7,,1.69,0.85929,,
03-Apr-15,254.32,,1.7,0.952245,,
02-Apr-15,253,,1.68,0.96926,,
01-Apr-15,247.27,,1.66,1.01,,
31-Mar-15,244.22,,1.65,0.907059,,
30-Mar-15,247.53,,1.67,0.853188,,
29-Mar-15,242.71,,1.66,0.712153,,
28-Mar-15,252.8,,1.7,0.795417,,
27-Mar-15,247.03,,1.69,0.777714,,
26-Mar-15,248.53,,1.7,0.746328,,
25-Mar-15,246.2,,1.67,0.767497,,
24-Mar-15,245.59,,1.65,0.711852,,
23-Mar-15,266.74,,1.78,0.766353,,
22-Mar-15,267.96,,1.8,0.777347,,
21-Mar-15,260.02,,1.75,0.743222,,
20-Mar-15,261.75,,1.77,0.633158,,
19-Mar-15,260.93,,1.76,0.677382,,
18-Mar-15,256.3,,1.74,0.638029,,
17-Mar-15,285.5,,1.98,0.752221,,
16-Mar-15,290.59,,2.03,0.805943,,
15-Mar-15,286.39,,2.02,0.69425,,
14-Mar-15,281.88,,2,0.676167,,
13-Mar-15,285.34,,2.01,0.644822,,
12-Mar-15,294.35,,2.04,0.684608,,
11-Mar-15,296.38,,2.03,0.715782,,
10-Mar-15,291.76,,2.01,0.791843,,
09-Mar-15,289.61,,1.94,0.63489,,
08-Mar-15,274.35,,1.89,0.484062,,
07-Mar-15,276.26,,1.91,0.457321,,
06-Mar-15,272.72,,1.9,0.486039,,
05-Mar-15,276.18,,1.92,0.469626,,
04-Mar-15,273.09,,1.93,0.413151,,
03-Mar-15,281.7,,1.96,0.415078,,
02-Mar-15,275.67,,1.94,0.428434,,
01-Mar-15,260.2,,1.89,0.426028,,
28-Feb-15,254.26,,1.84,0.427227,,
27-Feb-15,253.83,,1.85,0.381008,,
26-Feb-15,236.43,,1.81,0.357721,,
25-Feb-15,237.47,,1.8,0.365243,,
24-Feb-15,238.74,,1.83,0.340267,,
23-Feb-15,238.89,,1.82,0.337887,,
22-Feb-15,235.98,,1.8,0.313139,,
21-Feb-15,244.53,,1.85,0.302557,,
20-Feb-15,243.78,,1.85,0.305673,,
19-Feb-15,240.28,,1.85,0.282791,,
18-Feb-15,236.33,,1.83,0.248507,,
17-Feb-15,243.61,,1.85,0.253231,,
16-Feb-15,233.84,,1.8,0.251039,,
15-Feb-15,234.82,,1.84,0.25138,,
14-Feb-15,257.32,,1.94,0.280322,,
13-Feb-15,235.43,,1.82,0.255641,,
12-Feb-15,221.76,,1.76,0.246741,,
11-Feb-15,219.19,,1.73,0.231497,,
10-Feb-15,219.84,,1.76,0.244719,,
09-Feb-15,220.11,,1.73,0.251738,,
08-Feb-15,223.41,,1.78,0.265034,,
07-Feb-15,227.75,,1.78,0.275702,,
06-Feb-15,222.27,,1.76,0.270772,,
05-Feb-15,217.11,,1.74,0.272273,,
04-Feb-15,226.85,,1.79,0.289486,,
03-Feb-15,227.27,,1.82,0.288734,,
02-Feb-15,238.23,,1.88,0.301242,,
01-Feb-15,226.97,,1.8,0.299954,,
31-Jan-15,217.46,,1.87,0.284363,,
30-Jan-15,226.43,,1.9,0.294018,,
29-Jan-15,233.51,,1.92,0.309911,,
28-Jan-15,233.91,,1.87,0.290979,,
27-Jan-15,263.48,,2.09,0.320371,,
26-Jan-15,273.47,,2.08,0.317078,,
25-Jan-15,253.72,,2.25,0.310227,,
24-Jan-15,247.85,,1.84,0.298369,,
23-Jan-15,232.88,,1.43,0.283141,,
22-Jan-15,233.41,,1.42,0.273442,,
21-Jan-15,226.9,,1.37,0.261268,,
20-Jan-15,211.31,,1.32,0.236223,,
19-Jan-15,214.86,,1.34,0.254181,,
18-Jan-15,210.34,,1.33,0.258656,,
17-Jan-15,199.26,,1.29,0.248057,,
16-Jan-15,208.1,,1.4,0.278449,,
15-Jan-15,209.84,,1.28,0.261714,,
14-Jan-15,178.1,,1.16,0.223522,,
13-Jan-15,225.86,,1.54,0.309479,,
12-Jan-15,267.8,,1.71,0.364316,,
11-Jan-15,265.66,,1.72,0.378748,,
10-Jan-15,274.8,,1.65,0.419216,,
09-Jan-15,290.41,,1.98,0.431801,,
08-Jan-15,283.35,,2.01,0.429175,,
07-Jan-15,294.34,,2.12,0.463607,,
06-Jan-15,286.19,,2.11,0.461609,,
05-Jan-15,274.47,,2.08,0.421412,,
04-Jan-15,264.19,,1.96,0.417234,,
03-Jan-15,281.08,,2.13,0.461172,,
02-Jan-15,315.03,,2.67,0.459137,,
01-Jan-15,314.25,,2.7,0.46576,,
31-Dec-14,320.19,,2.72,0.43466,,
30-Dec-14,310.74,,2.7,0.489046,,
29-Dec-14,312.67,,2.69,0.487799,,
28-Dec-14,317.24,,2.73,0.563872,,
27-Dec-14,315.86,,2.72,0.510573,,
26-Dec-14,327.92,,2.78,0.4337,,
25-Dec-14,319.01,,2.7,0.452427,,
24-Dec-14,322.53,,2.74,0.425367,,
23-Dec-14,334.57,,2.88,0.381093,,
22-Dec-14,331.89,,2.89,0.344799,,
21-Dec-14,320.84,,2.85,0.343806,,
20-Dec-14,329.96,,2.92,0.339099,,
19-Dec-14,317.84,,2.87,0.319859,,
18-Dec-14,311.4,,2.81,0.316383,,
17-Dec-14,319.78,,2.94,0.338319,,
16-Dec-14,327.06,,3.02,0.337857,,
15-Dec-14,345.35,,3.45,0.382897,,
14-Dec-14,351.63,,3.48,0.383506,,
13-Dec-14,347.38,,3.48,0.375961,,
12-Dec-14,352.54,,3.49,0.375733,,
11-Dec-14,350.51,,3.48,0.398488,,
10-Dec-14,346.37,,3.5,0.389659,,
09-Dec-14,352.22,,3.52,0.389608,,
08-Dec-14,361.91,,3.65,0.448344,,
07-Dec-14,375.1,,3.71,0.470556,,
06-Dec-14,374.79,,3.61,0.443703,,
05-Dec-14,376.85,,3.62,0.428893,,
04-Dec-14,369.6,,3.59,0.456468,,
03-Dec-14,375.01,,3.61,0.507566,,
02-Dec-14,381.31,,3.63,0.527409,,
01-Dec-14,379.25,,3.58,0.4745,,
30-Nov-14,378.05,,3.58,0.567552,,
29-Nov-14,375.49,,3.59,0.565711,,
28-Nov-14,376.45,,3.6,0.564761,,
27-Nov-14,369.67,,3.56,0.55754,,
26-Nov-14,368.37,,3.56,0.562741,,
25-Nov-14,375.35,,3.57,0.595471,,
24-Nov-14,376.9,,3.63,0.53174,,
23-Nov-14,367.57,,3.59,0.526897,,
22-Nov-14,352.92,,3.52,0.534829,,
21-Nov-14,350.85,,3.5,0.53249,,
20-Nov-14,357.84,,3.61,0.525171,,
19-Nov-14,380.56,,3.81,0.559003,,
18-Nov-14,375.2,,3.77,0.599073,,
17-Nov-14,387.41,,3.88,0.58478,,
16-Nov-14,387.88,,3.88,0.654531,,
15-Nov-14,376.13,,3.85,0.641145,,
14-Nov-14,397.82,,3.99,0.689225,,
13-Nov-14,420.74,,4.1,0.70453,,
12-Nov-14,423.56,,4.07,0.73232,,
11-Nov-14,367.69,,3.68,0.717955,,
10-Nov-14,366.92,,3.7,0.735697,,
09-Nov-14,363.26,,3.63,0.721369,,
08-Nov-14,345.49,,3.56,0.643877,,
07-Nov-14,342.42,,3.56,0.616295,,
06-Nov-14,349.29,,3.65,0.595903,,
05-Nov-14,339.49,,3.64,0.571982,,
04-Nov-14,330.49,,3.59,0.547635,,
03-Nov-14,327.55,,3.58,0.576323,,
02-Nov-14,325.89,,3.59,0.579494,,
01-Nov-14,325.75,,3.57,0.585832,,
31-Oct-14,338.32,,3.75,0.607218,,
30-Oct-14,345.31,,3.79,0.614064,,
29-Oct-14,335.59,,3.73,0.63306,,
28-Oct-14,357.62,,3.85,0.689257,,
27-Oct-14,352.99,,3.81,0.722831,,
26-Oct-14,354.7,,3.73,0.694402,,
25-Oct-14,347.27,,3.67,0.739802,,
24-Oct-14,358.35,,3.75,0.762157,,
23-Oct-14,358.42,,3.74,0.865496,,
22-Oct-14,383.16,,3.84,0.946716,,
21-Oct-14,386.48,,3.94,0.957783,,
20-Oct-14,382.85,,3.91,0.950394,,
19-Oct-14,389.55,,3.99,0.994436,,
18-Oct-14,391.44,,4.06,0.96583,,
17-Oct-14,383.76,,3.99,0.973198,,
16-Oct-14,382.56,,3.99,0.999458,,
15-Oct-14,394.77,,4.06,0.990811,,
14-Oct-14,400.87,,4.08,1.07,,
13-Oct-14,390.41,,3.86,1.1,,
12-Oct-14,378.55,,3.85,1.09,,
11-Oct-14,362.3,,3.77,1.08,,
10-Oct-14,361.56,,3.81,1.14,,
09-Oct-14,365.03,,3.9,1.11,,
08-Oct-14,352.94,,3.91,1.09,,
07-Oct-14,336.19,,3.86,1,,
06-Oct-14,330.08,,3.82,0.979703,,
05-Oct-14,320.51,,3.7,0.879503,,
04-Oct-14,328.87,,3.94,0.977628,,
03-Oct-14,359.51,,4.18,1.1,,
02-Oct-14,375.07,,4.32,1.19,,
01-Oct-14,383.62,,4.43,1.2,,
30-Sep-14,386.94,,4.47,1.22,,
29-Sep-14,375.47,,4.25,1.15,,
28-Sep-14,377.18,,4.23,1.22,,
27-Sep-14,399.52,,4.42,1.31,,
26-Sep-14,404.43,,4.43,1.39,,
25-Sep-14,411.57,,4.51,1.4,,
24-Sep-14,423.2,,4.67,1.51,,
23-Sep-14,435.79,,4.75,1.47,,
22-Sep-14,402.15,,4.24,1.26,,
21-Sep-14,398.82,,4.25,1.27,,
20-Sep-14,408.9,,4.29,1.27,,
19-Sep-14,394.8,,4.33,1.45,,
18-Sep-14,424.44,,4.69,1.57,,
17-Sep-14,457.33,,5.06,1.77,,
16-Sep-14,466.06,,5.07,1.84,,
15-Sep-14,475.37,,5.18,1.9,,
14-Sep-14,477.89,,5.4,1.82,,
13-Sep-14,479,,5.45,1.85,,
12-Sep-14,477.75,,5.38,1.88,,
11-Sep-14,479.75,,5.45,1.94,,
10-Sep-14,479.36,,5.34,1.97,,
09-Sep-14,475.26,,5.07,1.77,,
08-Sep-14,474.6,,5.1,1.87,,
07-Sep-14,482.28,,5.16,1.88,,
06-Sep-14,484.83,,4.98,1.95,,
05-Sep-14,483.34,,4.96,1.98,,
04-Sep-14,489.66,,5.18,2.05,,
03-Sep-14,477.59,,4.87,2.03,,
02-Sep-14,477.43,,4.82,1.96,,
01-Sep-14,474.88,,4.71,2.04,,
31-Aug-14,477.76,,4.86,2.17,,
30-Aug-14,504.25,,5.23,2.44,,
29-Aug-14,508.52,,5.36,2.21,,
28-Aug-14,507.81,,5.28,2.21,,
27-Aug-14,511.15,,5.39,2.01,,
26-Aug-14,511.57,,5.54,2.01,,
25-Aug-14,502.5,,5.21,2.05,,
24-Aug-14,508.29,,5.45,1.95,,
23-Aug-14,498.07,,4.9,1.81,,
22-Aug-14,514.04,,5.25,1.78,,
21-Aug-14,517.24,,5.8,1.82,,
20-Aug-14,511.98,,5.45,1.83,,
19-Aug-14,485.25,,4.67,1.65,,
18-Aug-14,461.46,,3.71,1.45,,
17-Aug-14,491.8,,4.33,1.46,,
16-Aug-14,519.71,,4.98,1.6,,
15-Aug-14,497.01,,5.05,1.59,,
14-Aug-14,505.97,,5.04,1.76,,
13-Aug-14,546.66,,5.04,1.9,,
12-Aug-14,569.64,,5.65,2,,
11-Aug-14,576.37,,6.06,2.08,,
10-Aug-14,591.06,,6.95,2.06,,
09-Aug-14,589.37,,6.94,2.1,,
08-Aug-14,592.58,,7.06,2.18,,
07-Aug-14,588.87,,7.18,2.14,,
06-Aug-14,584.65,,7.18,2.19,,
05-Aug-14,585.44,,7.27,2.15,,
04-Aug-14,588.78,,7.41,2.01,,
03-Aug-14,586.67,,7.54,2.36,,
02-Aug-14,589.33,,7.63,2.5,,
01-Aug-14,594.92,,7.7,2.67,,
31-Jul-14,586.24,,7.54,2.55,,
30-Jul-14,567.29,,7.26,2.54,,
29-Jul-14,584.73,,7.65,2.62,,
28-Jul-14,585.69,,7.59,2.7,,
27-Jul-14,593.85,,7.75,2.55,,
26-Jul-14,595.81,,7.6,2.62,,
25-Jul-14,601.09,,7.55,2.71,,
24-Jul-14,601.73,,7.79,2.36,,
23-Jul-14,619.41,,8.46,2.91,,
22-Jul-14,621.55,,8.57,3.2,,
21-Jul-14,622.21,,8.59,3.09,,
20-Jul-14,623.9,,8.46,2.63,,
19-Jul-14,628.51,,8.61,2.88,,
18-Jul-14,628.78,,8.72,2.62,,
17-Jul-14,623.09,,8.66,2.98,,
16-Jul-14,616.8,,8.32,2.71,,
15-Jul-14,621.59,,8.56,2.11,,
14-Jul-14,619.32,,8.62,1.97,,
13-Jul-14,626.5,,8.9,1.79,,
12-Jul-14,633.71,,8.62,1.73,,
11-Jul-14,632,,7.85,1.79,,
10-Jul-14,616.76,,7.79,1.89,,
09-Jul-14,624.51,,7.79,2.01,,
08-Jul-14,624.82,,7.73,2.35,,
07-Jul-14,624.09,,7.56,1.99,,
06-Jul-14,635.81,,7.11,2.4,,
05-Jul-14,631.46,,7.28,2.47,,
04-Jul-14,630.69,,7.34,2.64,,
03-Jul-14,645.16,,8.03,2.64,,
02-Jul-14,650.88,,8.16,2.31,,
01-Jul-14,640.81,,7.79,2.35,,
30-Jun-14,639.8,,8.95,2.5,,
29-Jun-14,602.72,,8.96,2.54,,
28-Jun-14,596.55,,9.19,2.55,,
27-Jun-14,597.26,,9.25,2.2,,
26-Jun-14,581.14,,9.09,2.89,,
25-Jun-14,566.34,,9.19,3.39,,
24-Jun-14,582.36,,9.63,3.28,,
23-Jun-14,593.98,,9.72,3.98,,
22-Jun-14,602.27,,9.77,4.35,,
21-Jun-14,594.99,,9.83,5.01,,
20-Jun-14,594.15,,9.83,4.56,,
19-Jun-14,598.07,,9.99,3.13,,
18-Jun-14,607.96,,9.68,2.79,,
17-Jun-14,610.86,,9.66,2.82,,
16-Jun-14,592.19,,9.71,3.18,,
15-Jun-14,592.94,,9.94,2.69,,
14-Jun-14,577.36,,9.93,2.34,,
13-Jun-14,600.16,,10.25,1.92,,
12-Jun-14,586.95,,10.17,1.74,,
11-Jun-14,633.02,,10.94,1.62,,
10-Jun-14,653.15,,11.11,1.73,,
09-Jun-14,649.16,,11.18,1.52,,
08-Jun-14,656.14,,11.27,1.34,,
07-Jun-14,654.97,,11.11,1.36,,
06-Jun-14,653.7,,11.2,1.24,,
05-Jun-14,659.26,,11.29,1.81,,
04-Jun-14,641.61,,11.06,1.93,,
03-Jun-14,667.61,,11.48,1.73,,
02-Jun-14,660.62,,11.36,1.74,,
01-Jun-14,630.23,,11.14,1.94,,
31-May-14,623.68,,10.93,1.57,,
30-May-14,615.33,,11.25,1.68,,
29-May-14,568.18,,10.78,2.27,,
28-May-14,577.06,,11.03,2.21,,
27-May-14,571.24,,11.15,3.02,,
26-May-14,583.42,,11.56,3.14,,
25-May-14,571.59,,11.53,3.7,,
24-May-14,525.14,,11.1,2.96,,
23-May-14,520.22,,11.23,2.1,,
22-May-14,524.58,,10.67,1.6,,
21-May-14,491.77,,10.59,,,
20-May-14,485.72,,10.63,,,
19-May-14,446.18,,10.3,,,
18-May-14,446.26,,10.36,,,
17-May-14,448.9,,10.35,,,
16-May-14,448.06,,10.41,,,
15-May-14,447.25,,10.45,,,
14-May-14,443.97,,10.43,,,
13-May-14,440.67,,10.42,,,
12-May-14,441.46,,10.41,,,
11-May-14,438.89,,10.36,,,
10-May-14,454.43,,10.73,,,
09-May-14,449.46,,10.75,,,
08-May-14,440.17,,10.45,,,
07-May-14,438.82,,10.51,,,
06-May-14,428.96,,10.33,,,
05-May-14,433.48,,10.18,,,
04-May-14,436.4,,10.32,,,
03-May-14,437.76,,10.31,,,
02-May-14,449.38,,10.5,,,
01-May-14,457.76,,11.1,,,
30-Apr-14,447.64,,10.9,,,
29-Apr-14,447.21,,10.4,,,
28-Apr-14,440.29,,10.13,,,
27-Apr-14,436.39,,9.92,,,
26-Apr-14,458.6,,10.57,,,
25-Apr-14,461.45,,10.79,,,
24-Apr-14,500.46,,12.55,,,
23-Apr-14,491.3,,12.13,,,
22-Apr-14,487.92,,12.07,,,
21-Apr-14,495.77,,12.5,,,
20-Apr-14,498.17,,12.62,,,
19-Apr-14,501.56,,12.82,,,
18-Apr-14,479.64,,12.06,,,
17-Apr-14,495.96,,12.52,,,
16-Apr-14,527.39,,13.37,,,
15-Apr-14,515.59,,13.25,,,
14-Apr-14,458.79,,11.52,,,
13-Apr-14,414.06,,10.31,,,
12-Apr-14,421.12,,10.66,,,
11-Apr-14,420.95,,10.95,,,
10-Apr-14,365.18,,8.46,,,
09-Apr-14,442.73,,11.19,,,
08-Apr-14,453.09,,11.36,,,
07-Apr-14,449.42,,11.26,,,
06-Apr-14,460.5,,11.64,,,
05-Apr-14,461.91,,11.2,,,
04-Apr-14,447.53,,11.02,,,
03-Apr-14,444.72,,11.05,,,
02-Apr-14,437.14,,11.29,,,
01-Apr-14,478.38,,13.13,,,
31-Mar-14,457,,12.75,,,
30-Mar-14,460.27,,13.14,,,
29-Mar-14,491.17,,13.45,,,
28-Mar-14,495.67,,13.74,,,
27-Mar-14,471.24,,12.48,,,
26-Mar-14,580.83,,16.27,,,
25-Mar-14,583.92,,16.3,,,
24-Mar-14,583.41,,16.19,,,
23-Mar-14,561.27,,15.36,,,
22-Mar-14,565.04,,15.71,,,
21-Mar-14,571.49,,15.7,,,
20-Mar-14,588.77,,16.47,,,
19-Mar-14,609.89,,17.24,,,
18-Mar-14,614.83,,19.42,,,
17-Mar-14,622.37,,17.31,,,
16-Mar-14,631.11,,17.35,,,
15-Mar-14,636.12,,16.9,,,
14-Mar-14,628.8,,16.59,,,
13-Mar-14,638.14,,17.02,,,
12-Mar-14,632.1,,17.18,,,
11-Mar-14,634.11,,16.14,,,
10-Mar-14,627.79,,16.01,,,
09-Mar-14,636.96,,16,,,
08-Mar-14,617.45,,15.41,,,
07-Mar-14,629.15,,15.85,,,
06-Mar-14,663.86,,16.46,,,
05-Mar-14,665.51,,16.34,,,
04-Mar-14,666.78,,17.07,,,
03-Mar-14,667.76,,14.27,,,
02-Mar-14,559.79,,12.74,,,
01-Mar-14,565.61,,13.65,,,
28-Feb-14,549.26,,13.23,,,
27-Feb-14,578.77,,14.29,,,
26-Feb-14,582.69,,14.23,,,
25-Feb-14,538.71,,13.82,,,
24-Feb-14,546.32,,14.55,,,
23-Feb-14,605.82,,15.49,,,
22-Feb-14,605.42,,14.94,,,
21-Feb-14,574.16,,13.89,,,
20-Feb-14,556.14,,13.98,,,
19-Feb-14,623.03,,15.73,,,
18-Feb-14,626.6,,15.62,,,
17-Feb-14,626.27,,15.49,,,
16-Feb-14,616.63,,15.2,,,
15-Feb-14,650.92,,16.17,,,
14-Feb-14,661.99,,16.41,,,
13-Feb-14,605.24,,15.29,,,
12-Feb-14,651.72,,16.95,,,
11-Feb-14,672.17,,17.46,,,
10-Feb-14,681.03,,17.73,,,
09-Feb-14,682.9,,18.22,,,
08-Feb-14,673.92,,18.08,,,
07-Feb-14,712.4,,18.54,,,
06-Feb-14,781.55,,19.91,,,
05-Feb-14,811.91,,20.78,,,
04-Feb-14,827.96,,21.46,,,
03-Feb-14,823.83,,21.91,,,
02-Feb-14,825.37,,22.4,,,
01-Feb-14,832.58,,22.47,,,
31-Jan-14,829.92,,22.13,,,
30-Jan-14,819.03,,21.69,,,
29-Jan-14,826,,21.92,,,
28-Jan-14,812.51,,21.55,,,
27-Jan-14,771.39,,20.02,,,
26-Jan-14,885.28,,24.12,,,
25-Jan-14,853.61,,23.08,,,
24-Jan-14,797.07,,20.72,,,
23-Jan-14,822.04,,22.38,,,
22-Jan-14,845.59,,23.65,,,
21-Jan-14,863.91,,24.73,,,
20-Jan-14,870.2,,25.2,,,
19-Jan-14,870.96,,25.44,,,
18-Jan-14,840,,24.55,,,
17-Jan-14,814.64,,23.71,,,
16-Jan-14,835.63,,24.46,,,
15-Jan-14,860.9,,25.22,,,
14-Jan-14,833.27,,24.1,,,
13-Jan-14,841.2,,24.27,,,
12-Jan-14,863.22,,25.09,,,
11-Jan-14,913.95,,26.79,,,
10-Jan-14,868.48,,24.93,,,
09-Jan-14,846.86,,24.43,,,
08-Jan-14,842.72,,24.39,,,
07-Jan-14,802,,23.25,,,
06-Jan-14,953.29,,29.22,,,
05-Jan-14,933.53,,26.83,,,
04-Jan-14,859.51,,25.11,,,
03-Jan-14,818.72,,24.82,,,
02-Jan-14,802.39,,25.76,,,
01-Jan-14,771.4,,24.62,,,
31-Dec-13,754.01,,24.35,,,
30-Dec-13,756.13,,24.38,,,
29-Dec-13,745.05,,24.07,,,
28-Dec-13,727.83,,22.56,,,
27-Dec-13,735.07,,23.27,,,
26-Dec-13,761.98,,24.76,,,
25-Dec-13,682.21,,21.15,,,
24-Dec-13,665.58,,17.64,,,
23-Dec-13,673.41,,17.89,,,
22-Dec-13,617.18,,16.86,,,
21-Dec-13,605.66,,16.73,,,
20-Dec-13,625.32,,17.57,,,
19-Dec-13,691.96,,19.91,,,
18-Dec-13,522.7,,13.39,,,
17-Dec-13,682.12,,21.97,,,
16-Dec-13,705.97,,24.64,,,
15-Dec-13,876.12,,31.28,,,
14-Dec-13,872.6,,30.38,,,
13-Dec-13,892.58,,31.2,,,
12-Dec-13,873.26,,31.59,,,
11-Dec-13,878.48,,30.98,,,
10-Dec-13,988.51,,36.29,,,
09-Dec-13,893.19,,31.57,,,
08-Dec-13,795.87,,27.27,,,
07-Dec-13,698.23,,23.29,,,
06-Dec-13,829.45,,29.84,,,
05-Dec-13,1045.11,,37.75,,,
04-Dec-13,1151.17,,44.73,,,
03-Dec-13,1078.28,,39.79,,,
02-Dec-13,1043.33,,33.18,,,
01-Dec-13,955.85,,34.74,,,
30-Nov-13,1129.43,,40.47,,,
29-Nov-13,1131.97,,37.74,,,
28-Nov-13,1031.95,,43.39,,,
27-Nov-13,1001.96,,39.04,,,
26-Nov-13,928.1,,20.35,,,
25-Nov-13,799.11,,12.27,,,
24-Nov-13,774.25,,10.41,,,
23-Nov-13,797.82,,10.61,,,
22-Nov-13,771.44,,10.13,,,
21-Nov-13,722.43,,9.35,,,
20-Nov-13,590.83,,7.98,,,
19-Nov-13,584.61,,8.03,,,
18-Nov-13,703.56,,9.37,,,
17-Nov-13,492.11,,4.09,,,
16-Nov-13,440.22,,4.3,,,
15-Nov-13,417.95,,4.21,,,
14-Nov-13,420.2,,4.29,,,
13-Nov-13,407.37,,4.11,,,
12-Nov-13,360.33,,3.98,,,
11-Nov-13,342.44,,4,,,
10-Nov-13,326.62,,3.93,,,
09-Nov-13,339.11,,4.22,,,
08-Nov-13,338.11,,4.61,,,
07-Nov-13,296.41,,4.39,,,
06-Nov-13,262.5,,3.39,,,
05-Nov-13,245.24,,3.04,,,
04-Nov-13,229.1,,3.08,,,
03-Nov-13,215.05,,2.88,,,
02-Nov-13,206.22,,2.7,,,
01-Nov-13,206.18,,2.45,,,
31-Oct-13,204,,2.36,,,
30-Oct-13,199.97,,2.29,,,
29-Oct-13,204.39,,2.13,,,
28-Oct-13,198.55,,2.18,,,
27-Oct-13,196.44,,2.13,,,
26-Oct-13,177.32,,2.21,,,
25-Oct-13,186.69,,2.18,,,
24-Oct-13,198.23,,2.27,,,
23-Oct-13,213.62,,2.05,,,
22-Oct-13,193.76,,1.7,,,
21-Oct-13,182.21,,1.82,,,
20-Oct-13,174.61,,1.93,,,
19-Oct-13,172.42,,1.88,,,
18-Oct-13,155.96,,1.9,,,
17-Oct-13,146.25,,1.91,,,
16-Oct-13,142.55,,1.92,,,
15-Oct-13,145.24,,1.96,,,
14-Oct-13,140.52,,2.05,,,
13-Oct-13,138.13,,2.13,,,
12-Oct-13,135.19,,2.12,,,
11-Oct-13,130.9,,2.07,,,
10-Oct-13,130.59,,2.03,,,
09-Oct-13,130.69,,1.92,,,
08-Oct-13,126,,1.98,,,
07-Oct-13,126.94,,2.1,,,
06-Oct-13,129,,2.17,,,
05-Oct-13,128.55,,2.15,,,
04-Oct-13,129.01,,2.2,,,
03-Oct-13,123.63,,2.17,,,
02-Oct-13,114.13,,1.97,,,
01-Oct-13,132.18,,2.42,,,
30-Sep-13,133,,2.35,,,
29-Sep-13,137.34,,2.3,,,
28-Sep-13,134.78,,2.25,,,
27-Sep-13,133.78,,2.4,,,
26-Sep-13,128.38,,2.39,,,
25-Sep-13,128.22,,2.37,,,
24-Sep-13,127.25,,2.47,,,
23-Sep-13,125.95,,2.47,,,
22-Sep-13,129.12,,2.53,,,
21-Sep-13,127.43,,2.51,,,
20-Sep-13,127.04,,2.48,,,
19-Sep-13,129.65,,2.62,,,
18-Sep-13,131.47,,2.56,,,
17-Sep-13,131.66,,2.6,,,
16-Sep-13,131.72,,2.63,,,
15-Sep-13,130.37,,2.64,,,
14-Sep-13,129.22,,2.54,,,
13-Sep-13,134.98,,2.67,,,
12-Sep-13,133.13,,2.7,,,
11-Sep-13,135.25,,2.72,,,
10-Sep-13,125.91,,2.64,,,
09-Sep-13,127.11,,2.73,,,
08-Sep-13,121.66,,2.73,,,
07-Sep-13,124.15,,2.71,,,
06-Sep-13,119.15,,2.69,,,
05-Sep-13,126.43,,2.75,,,
04-Sep-13,126.74,,2.81,,,
03-Sep-13,136.77,,2.6,,,
02-Sep-13,135.85,,2.56,,,
01-Sep-13,138.34,,2.58,,,
31-Aug-13,135.35,,2.58,,,
30-Aug-13,133.49,,2.66,,,
29-Aug-13,122.39,,2.55,,,
28-Aug-13,122.62,,2.52,,,
27-Aug-13,126.5,,2.57,,,
26-Aug-13,120.06,,2.57,,,
25-Aug-13,122.11,,2.59,,,
24-Aug-13,120.05,,2.69,,,
23-Aug-13,118.5,,2.72,,,
22-Aug-13,121.15,,2.75,,,
21-Aug-13,123.3,,2.7,,,
20-Aug-13,121.2,,2.78,,,
19-Aug-13,119,,2.82,,,
18-Aug-13,113.5,,2.8,,,
17-Aug-13,113.5,,2.82,,,
16-Aug-13,108.99,,2.72,,,
15-Aug-13,109.99,,2.76,,,
14-Aug-13,112.56,,2.73,,,
13-Aug-13,109,,2.74,,,
12-Aug-13,106.64,,2.65,,,
11-Aug-13,105,,2.69,,,
10-Aug-13,103,,2.56,,,
09-Aug-13,102.8,,2.68,,,
08-Aug-13,103,,2.7,,,
07-Aug-13,106.75,,2.76,,,
06-Aug-13,106.75,,2.82,,,
05-Aug-13,106.22,,2.83,,,
04-Aug-13,105.14,,3.01,,,
03-Aug-13,104,,2.96,,,
02-Aug-13,104.5,,2.84,,,
01-Aug-13,104,,2.91,,,
31-Jul-13,106.09,,2.87,,,
30-Jul-13,107.99,,2.99,,,
29-Jul-13,101.2,,2.96,,,
28-Jul-13,99.76,,2.98,,,
27-Jul-13,94.12,,2.88,,,
26-Jul-13,96.02,,2.9,,,
25-Jul-13,96.9,,2.97,,,
24-Jul-13,94.51,,2.94,,,
23-Jul-13,95.56,,2.99,,,
22-Jul-13,91.61,,2.89,,,
21-Jul-13,90.76,,2.92,,,
20-Jul-13,89.39,,2.86,,,
19-Jul-13,92.17,,2.96,,,
18-Jul-13,90.58,,2.89,,,
17-Jul-13,98.5,,3.15,,,
16-Jul-13,97.45,,3.1,,,
15-Jul-13,98.4,,2.98,,,
14-Jul-13,94.69,,2.91,,,
13-Jul-13,98.13,,2.9,,,
12-Jul-13,93.59,,2.79,,,
11-Jul-13,88.98,,2.73,,,
10-Jul-13,86.76,,2.81,,,
09-Jul-13,76.69,,2.61,,,
08-Jul-13,76.52,,2.61,,,
07-Jul-13,74.56,,2.66,,,
06-Jul-13,70.28,,2.52,,,
05-Jul-13,68.43,,2.43,,,
04-Jul-13,80.53,,2.73,,,
03-Jul-13,77.53,,2.62,,,
02-Jul-13,90.13,,2.83,,,
01-Jul-13,88.05,,2.95,,,
30-Jun-13,96.61,,2.98,,,
29-Jun-13,94.99,,2.79,,,
28-Jun-13,94.65,,2.75,,,
27-Jun-13,101.44,,3.02,,,
26-Jun-13,104,,2.86,,,
25-Jun-13,103.95,,2.82,,,
24-Jun-13,102.74,,2.87,,,
23-Jun-13,107.6,,3.12,,,
22-Jun-13,108.3,,2.92,,,
21-Jun-13,109.5,,2.87,,,
20-Jun-13,110.15,,2.29,,,
19-Jun-13,108.25,,2.3,,,
18-Jun-13,107.4,,2.31,,,
17-Jun-13,101.7,,2.28,,,
16-Jun-13,99.51,,2.13,,,
15-Jun-13,99.99,,2.11,,,
14-Jun-13,99.98,,2.13,,,
13-Jun-13,104,,2.27,,,
12-Jun-13,108.15,,2.38,,,
11-Jun-13,108.9,,2.4,,,
10-Jun-13,106.35,,2.49,,,
09-Jun-13,100,,2.38,,,
08-Jun-13,108.3,,2.56,,,
07-Jun-13,111.5,,2.6,,,
06-Jun-13,118,,2.75,,,
05-Jun-13,121.65,,2.86,,,
04-Jun-13,121.42,,2.87,,,
03-Jun-13,122.22,,2.73,,,
02-Jun-13,122.29,,2.73,,,
01-Jun-13,129.3,,2.83,,,
31-May-13,129,,2.96,,,
30-May-13,128.8,,2.97,,,
29-May-13,132.3,,3.1,,,
28-May-13,129,,3.09,,,
27-May-13,129.75,,3.1,,,
26-May-13,133.48,,3.25,,,
25-May-13,131.98,,3.12,,,
24-May-13,133.2,,3.18,,,
23-May-13,126.7,,3.18,,,
22-May-13,123.89,,3.12,,,
21-May-13,122.88,,3.09,,,
20-May-13,122,,3.18,,,
19-May-13,121.99,,3.3,,,
18-May-13,123.5,,3.29,,,
17-May-13,123.02,,3.19,,,
16-May-13,118.76,,2.92,,,
15-May-13,114.22,,2.94,,,
14-May-13,111.5,,2.82,,,
13-May-13,117.98,,3.28,,,
12-May-13,115,,3.27,,,
11-May-13,115.24,,3.35,,,
10-May-13,117.2,,3.44,,,
09-May-13,112.67,,3.42,,,
08-May-13,113.57,,3.41,,,
07-May-13,111.5,,3.33,,,
06-May-13,112.3,,3.37,,,
05-May-13,115.91,,3.59,,,
04-May-13,112.5,,3.48,,,
03-May-13,97.75,,3.04,,,
02-May-13,105.21,,3.37,,,
01-May-13,116.99,,3.8,,,
30-Apr-13,139,,4.3,,,
29-Apr-13,144.54,,4.38,,,
28-Apr-13,134.21,,4.35,,,